Ticket type,Ticket no,User name,Issued,Order,Order #,Ticket id,Avatar filename,QR profile filename,QR feedback filename,Name,Twitter,Serial code,Sponsor logo,checked_in,Ticket url,インボイス対応について,参加のためには別途チケットをご購入ください,応援団の Web サイト表示について,返金対応はいたしかねます,その他コメント欄
"ラーメンを応援します","V-1","tadsan","2024/06/15 1:42","","","","default-avatar.png","qr-profile-ラーメンを応援します-V-1.png","qr-feedback-ラーメンを応援します-V-1.png","","","",,false,"https://fortee.jp/techramen-24-conf/attendee/hUTtyVbtsMhBMcLw0THWDVc5JD8pS4n2","領収書の注意事項について理解しました","このチケットではイベント参加できないことを理解しました","表示してもよい(fortee の設定についても理解した)","返金不可の旨を理解しました",""
"ラーメンを応援します","V-2","o0h","2024/06/15 1:43","","","","default-avatar.png","qr-profile-ラーメンを応援します-V-2.png","qr-feedback-ラーメンを応援します-V-2.png","","","",,false,"https://fortee.jp/techramen-24-conf/attendee/HuT8ZpLcT2qAYdQC3ofQYpzuUIFDuyou","領収書の注意事項について理解しました","このチケットではイベント参加できないことを理解しました","表示してもよい(fortee の設定についても理解した)","返金不可の旨を理解しました",""
"ラーメンを応援します","V-3","muno92","2024/06/15 1:48","","","","default-avatar.png","qr-profile-ラーメンを応援します-V-3.png","qr-feedback-ラーメンを応援します-V-3.png","","","",,false,"https://fortee.jp/techramen-24-conf/attendee/tJeP5QZ6kLN7iqq3QfhCr79QZY2wCNol","領収書の注意事項について理解しました","このチケットではイベント参加できないことを理解しました","表示してもよい(fortee の設定についても理解した)","返金不可の旨を理解しました",""
"ラーメンを応援します","V-4","masatoshiitoh","2024/06/15 2:01","","","","default-avatar.png","qr-profile-ラーメンを応援します-V-4.png","qr-feedback-ラーメンを応援します-V-4.png","","","",,false,"https://fortee.jp/techramen-24-conf/attendee/lGLfHEXB7OK8zDbeUbgPx6q7y5I7AZyg","領収書の注意事項について理解しました","このチケットではイベント参加できないことを理解しました","表示してもよい(fortee の設定についても理解した)","返金不可の旨を理解しました",""
"ラーメンを応援します","V-5","masatoshiitoh","2024/06/15 2:03","","","","default-avatar.png","qr-profile-ラーメンを応援します-V-5.png","qr-feedback-ラーメンを応援します-V-5.png","","","",,false,"https://fortee.jp/techramen-24-conf/attendee/c3oiGa9Pab9XPGG1aEVMYbYHypv9PZWc","領収書の注意事項について理解しました","このチケットではイベント参加できないことを理解しました","表示してもよい(fortee の設定についても理解した)","返金不可の旨を理解しました",""
"ラーメンを応援します","V-6","chatii","2024/06/15 7:44","","","","default-avatar.png","qr-profile-ラーメンを応援します-V-6.png","qr-feedback-ラーメンを応援します-V-6.png","","","",,false,"https://fortee.jp/techramen-24-conf/attendee/jPnDwKVnEnvxTLtLbkCRAID1EecnYacd","領収書の注意事項について理解しました","このチケットではイベント参加できないことを理解しました","表示してもよい(fortee の設定についても理解した)","返金不可の旨を理解しました",""
"ラーメンを応援します","V-7","chatii","2024/06/15 7:45","","","","default-avatar.png","qr-profile-ラーメンを応援します-V-7.png","qr-feedback-ラーメンを応援します-V-7.png","","","",,false,"https://fortee.jp/techramen-24-conf/attendee/yqVCxCm5aiDdIa942nrtivXbeNerGbMp","領収書の注意事項について理解しました","このチケットではイベント参加できないことを理解しました","表示してもよい(fortee の設定についても理解した)","返金不可の旨を理解しました",""
"ラーメンを応援します","V-8","kiguchi","2024/06/15 9:00","","","","default-avatar.png","qr-profile-ラーメンを応援します-V-8.png","qr-feedback-ラーメンを応援します-V-8.png","","","",,false,"https://fortee.jp/techramen-24-conf/attendee/qdhCzdG2QPEVzNqIvvQgAmCDtLhQJvY1","領収書の注意事項について理解しました","このチケットではイベント参加できないことを理解しました","表示してもよい(fortee の設定についても理解した)","返金不可の旨を理解しました","微力ながら応援いたします"
"ラーメンを応援します","V-9","yamato-sorariku","2024/06/15 9:24","","","","default-avatar.png","qr-profile-ラーメンを応援します-V-9.png","qr-feedback-ラーメンを応援します-V-9.png","","","",,false,"https://fortee.jp/techramen-24-conf/attendee/MVLnJcn66OxE6sa5snqTfxQc8mCwJfle","領収書の注意事項について理解しました","このチケットではイベント参加できないことを理解しました","表示してもよい(fortee の設定についても理解した)","返金不可の旨を理解しました",""
"ラーメンを応援します","V-10","nakme","2024/06/15 9:37","","","","default-avatar.png","qr-profile-ラーメンを応援します-V-10.png","qr-feedback-ラーメンを応援します-V-10.png","","","",,false,"https://fortee.jp/techramen-24-conf/attendee/4UUTelROKTA1N3hNVARlOPXTSin4riYc","領収書の注意事項について理解しました","このチケットではイベント参加できないことを理解しました","表示してもよい(fortee の設定についても理解した)","返金不可の旨を理解しました",""
"ラーメンを応援します","V-11","ippeysumida","2024/06/15 9:38","","","","default-avatar.png","qr-profile-ラーメンを応援します-V-11.png","qr-feedback-ラーメンを応援します-V-11.png","","","",,false,"https://fortee.jp/techramen-24-conf/attendee/50eLem4ENRMf0p8dhQyc0h81MIUr2207","領収書の注意事項について理解しました","このチケットではイベント参加できないことを理解しました","表示してもよい(fortee の設定についても理解した)","返金不可の旨を理解しました","noteから来ました。
当日参加できないですが、がんばってください。"
"ラーメンを応援します","V-12","yumu","2024/06/15 9:54","","","","default-avatar.png","qr-profile-ラーメンを応援します-V-12.png","qr-feedback-ラーメンを応援します-V-12.png","","","",,false,"https://fortee.jp/techramen-24-conf/attendee/KbgyUfUvhFfjhKq4F6CEkfqTLyobUf2I","領収書の注意事項について理解しました","このチケットではイベント参加できないことを理解しました","表示してもよい(fortee の設定についても理解した)","返金不可の旨を理解しました",""
"ラーメンを応援します","V-13","tacck","2024/06/15 10:13","","","","default-avatar.png","qr-profile-ラーメンを応援します-V-13.png","qr-feedback-ラーメンを応援します-V-13.png","","","",,false,"https://fortee.jp/techramen-24-conf/attendee/O8ZDl5vA2C4keOr8IJJzZWXJyoT8Glw0","領収書の注意事項について理解しました","このチケットではイベント参加できないことを理解しました","表示してもよい(fortee の設定についても理解した)","返金不可の旨を理解しました","食べて応援！"
"ラーメンを応援します","V-16","onk","2024/06/15 11:48","","","","default-avatar.png","qr-profile-ラーメンを応援します-V-16.png","qr-feedback-ラーメンを応援します-V-16.png","","","",,false,"https://fortee.jp/techramen-24-conf/attendee/l67vGjbY79yafCSv34PTfhTSCFnEyyQ1","領収書の注意事項について理解しました","このチケットではイベント参加できないことを理解しました","表示してもよい(fortee の設定についても理解した)","返金不可の旨を理解しました","参加はできないんですが応援しています！いい枠組みをありがとうございます"
"ラーメンを応援します","V-17","ichikaway","2024/06/15 12:05","","","","default-avatar.png","qr-profile-ラーメンを応援します-V-17.png","qr-feedback-ラーメンを応援します-V-17.png","","","",,false,"https://fortee.jp/techramen-24-conf/attendee/4hn3oGHkB5mEHuL62ZW1SrTZDXS6wa1B","領収書の注意事項について理解しました","このチケットではイベント参加できないことを理解しました","表示してもよい(fortee の設定についても理解した)","返金不可の旨を理解しました",""
"ラーメンを応援します","V-18","fkuMnk","2024/06/15 13:03","","","","default-avatar.png","qr-profile-ラーメンを応援します-V-18.png","qr-feedback-ラーメンを応援します-V-18.png","","","",,false,"https://fortee.jp/techramen-24-conf/attendee/8oQuBWhQhIkrAw9lCItbnTikwL8eq5mh","領収書の注意事項について理解しました","このチケットではイベント参加できないことを理解しました","表示してもよい(fortee の設定についても理解した)","返金不可の旨を理解しました",""
"ラーメンを応援します","V-19","fkuMnk","2024/06/15 13:06","","","","default-avatar.png","qr-profile-ラーメンを応援します-V-19.png","qr-feedback-ラーメンを応援します-V-19.png","","","",,false,"https://fortee.jp/techramen-24-conf/attendee/v1PFS8754z0FlINJTXvhrn33PgPhWWel","領収書の注意事項について理解しました","このチケットではイベント参加できないことを理解しました","表示してもよい(fortee の設定についても理解した)","返金不可の旨を理解しました",""
"ラーメンを応援します","V-20","myou","2024/06/15 14:18","","","","default-avatar.png","qr-profile-ラーメンを応援します-V-20.png","qr-feedback-ラーメンを応援します-V-20.png","","","",,false,"https://fortee.jp/techramen-24-conf/attendee/rhZsxPXPklG7CO1k2fgfN6OsgTs6KtOv","領収書の注意事項について理解しました","このチケットではイベント参加できないことを理解しました","表示してもよい(fortee の設定についても理解した)","返金不可の旨を理解しました",""
"ラーメンを応援します","V-21","es-kumagai","2024/06/15 16:02","","","","default-avatar.png","qr-profile-ラーメンを応援します-V-21.png","qr-feedback-ラーメンを応援します-V-21.png","","","",,false,"https://fortee.jp/techramen-24-conf/attendee/IvqpQERhr88jlRxIbK8Zkera8X9GPcsz","領収書の注意事項について理解しました","このチケットではイベント参加できないことを理解しました","表示してもよい(fortee の設定についても理解した)","返金不可の旨を理解しました",""
"ラーメンを応援します","V-22","maki","2024/06/15 17:39","","","","default-avatar.png","qr-profile-ラーメンを応援します-V-22.png","qr-feedback-ラーメンを応援します-V-22.png","","","",,false,"https://fortee.jp/techramen-24-conf/attendee/K7RjSLkbKDuKzd88gzI6iolhMr4ajVcY","領収書の注意事項について理解しました","このチケットではイベント参加できないことを理解しました","表示してもよい(fortee の設定についても理解した)","返金不可の旨を理解しました",""
"ラーメンを応援します","V-23","gattoman","2024/06/15 19:06","","","","default-avatar.png","qr-profile-ラーメンを応援します-V-23.png","qr-feedback-ラーメンを応援します-V-23.png","","","",,false,"https://fortee.jp/techramen-24-conf/attendee/64oQz6YjnP1tNNQlRvfwXbT2BjxHG3N9","領収書の注意事項について理解しました","このチケットではイベント参加できないことを理解しました","表示してもよい(fortee の設定についても理解した)","返金不可の旨を理解しました","めんまは必須"
"ラーメンを応援します","V-24","mktakuya","2024/06/15 22:11","","","","default-avatar.png","qr-profile-ラーメンを応援します-V-24.png","qr-feedback-ラーメンを応援します-V-24.png","","","",,false,"https://fortee.jp/techramen-24-conf/attendee/whcgyP8lYsq3EHDWmY15mQRWFwM6E1zn","領収書の注意事項について理解しました","このチケットではイベント参加できないことを理解しました","表示してもよい(fortee の設定についても理解した)","返金不可の旨を理解しました",""
"ラーメンを応援します","V-25","kotomin-m","2024/06/15 22:13","","","","default-avatar.png","qr-profile-ラーメンを応援します-V-25.png","qr-feedback-ラーメンを応援します-V-25.png","","","",,false,"https://fortee.jp/techramen-24-conf/attendee/o5YVx3HgGBo6rU36VIsRblju6bIZ8eVu","領収書の注意事項について理解しました","このチケットではイベント参加できないことを理解しました","表示してもよい(fortee の設定についても理解した)","返金不可の旨を理解しました","楽しみにしてます！🫡"
"ラーメンを応援します","V-26","hkit7","2024/06/15 22:23","","","","default-avatar.png","qr-profile-ラーメンを応援します-V-26.png","qr-feedback-ラーメンを応援します-V-26.png","","","",,false,"https://fortee.jp/techramen-24-conf/attendee/tp6g1r4JHHyjXjNteDHQ21fbkzWuQ2Ac","領収書の注意事項について理解しました","このチケットではイベント参加できないことを理解しました","表示してもよい(fortee の設定についても理解した)","返金不可の旨を理解しました",""
"ラーメンを応援します","V-27","nsfisis","2024/06/15 22:44","","","","default-avatar.png","qr-profile-ラーメンを応援します-V-27.png","qr-feedback-ラーメンを応援します-V-27.png","","","",,false,"https://fortee.jp/techramen-24-conf/attendee/LgguBhaXXM1M5KalbrABfMRKjM0ZARiw","領収書の注意事項について理解しました","このチケットではイベント参加できないことを理解しました","表示してもよい(fortee の設定についても理解した)","返金不可の旨を理解しました",""
"ラーメンを応援します","V-28","nsfisis","2024/06/15 22:47","","","","default-avatar.png","qr-profile-ラーメンを応援します-V-28.png","qr-feedback-ラーメンを応援します-V-28.png","","","",,false,"https://fortee.jp/techramen-24-conf/attendee/Y7nnotTngPNrdIZhKsckAz2yz12xt7z5","領収書の注意事項について理解しました","このチケットではイベント参加できないことを理解しました","表示してもよい(fortee の設定についても理解した)","返金不可の旨を理解しました",""
"ラーメンを応援します","V-29","satak","2024/06/15 23:36","","","","default-avatar.png","qr-profile-ラーメンを応援します-V-29.png","qr-feedback-ラーメンを応援します-V-29.png","","","",,false,"https://fortee.jp/techramen-24-conf/attendee/n0oXwqrU6A4ZO4NfJ1Ct5mWOLaGz8qOD","領収書の注意事項について理解しました","このチケットではイベント参加できないことを理解しました","表示してもよい(fortee の設定についても理解した)","返金不可の旨を理解しました",""
"ラーメンを応援します","V-30","ShotaArima","2024/06/16 0:35","","","","default-avatar.png","qr-profile-ラーメンを応援します-V-30.png","qr-feedback-ラーメンを応援します-V-30.png","","","",,false,"https://fortee.jp/techramen-24-conf/attendee/O6I4cbx4hhtspIxmak23ajf6TgjTy6IC","領収書の注意事項について理解しました","このチケットではイベント参加できないことを理解しました","表示してもよい(fortee の設定についても理解した)","返金不可の旨を理解しました","わいわい"
"ラーメンを応援します","V-31","hokkai7go","2024/06/16 8:41","","","","default-avatar.png","qr-profile-ラーメンを応援します-V-31.png","qr-feedback-ラーメンを応援します-V-31.png","","","",,false,"https://fortee.jp/techramen-24-conf/attendee/zLzZmNmlmAUGRJsFbqx8cDKGqtzuHmZp","領収書の注意事項について理解しました","このチケットではイベント参加できないことを理解しました","表示してもよい(fortee の設定についても理解した)","返金不可の旨を理解しました","たのしそう。新しい取り組みいいですね。旭川愛をばしばし感じました。応援します"
"ラーメンを応援します","V-32","jnkykn","2024/06/17 15:04","","","","default-avatar.png","qr-profile-ラーメンを応援します-V-32.png","qr-feedback-ラーメンを応援します-V-32.png","","","",,true,"https://fortee.jp/techramen-24-conf/attendee/obACRKqbwNMogEbzFdMyIq74RsVoTkWL","領収書の注意事項について理解しました","このチケットではイベント参加できないことを理解しました","表示してもよい(fortee の設定についても理解した)","返金不可の旨を理解しました","SupportStuffだけどラーメンを応援します🍜ご査収ください🍜"
"ラーメンを応援します","V-33","KojiKa","2024/06/17 18:10","","","","default-avatar.png","qr-profile-ラーメンを応援します-V-33.png","qr-feedback-ラーメンを応援します-V-33.png","","","",,false,"https://fortee.jp/techramen-24-conf/attendee/pNI0s5zgu7dIAjg0db8HRXgoWlsFyypU","領収書の注意事項について理解しました","このチケットではイベント参加できないことを理解しました","表示してもよい(fortee の設定についても理解した)","返金不可の旨を理解しました",""
"ラーメンを応援します","V-36","dero1to","2024/06/22 15:11","","","","default-avatar.png","qr-profile-ラーメンを応援します-V-36.png","qr-feedback-ラーメンを応援します-V-36.png","","","",,false,"https://fortee.jp/techramen-24-conf/attendee/5AAqPgJBPp3Jofinaupd9AxF7RjZ3Tjv","領収書の注意事項について理解しました","このチケットではイベント参加できないことを理解しました","表示してもよい(fortee の設定についても理解した)","返金不可の旨を理解しました",""
"ラーメンを応援します","V-37","ebibibibi","2024/06/24 12:23","","","","default-avatar.png","qr-profile-ラーメンを応援します-V-37.png","qr-feedback-ラーメンを応援します-V-37.png","","","",,false,"https://fortee.jp/techramen-24-conf/attendee/kIa5MHQSxIlGQCp9BqU2d5CTRRXpTNPH","領収書の注意事項について理解しました","このチケットではイベント参加できないことを理解しました","表示してもよい(fortee の設定についても理解した)","返金不可の旨を理解しました",""
"ラーメンを応援します","V-38","chiroruxx","2024/06/24 19:49","","","","default-avatar.png","qr-profile-ラーメンを応援します-V-38.png","qr-feedback-ラーメンを応援します-V-38.png","","","",,false,"https://fortee.jp/techramen-24-conf/attendee/Y2kHtSCr0NzZRP8A0jRuvQ6TMOluaONg","領収書の注意事項について理解しました","このチケットではイベント参加できないことを理解しました","表示してもよい(fortee の設定についても理解した)","返金不可の旨を理解しました","塩ラーメンが好きです"
"ラーメンを応援します","V-39","mokomoka","2024/06/25 0:56","","","","default-avatar.png","qr-profile-ラーメンを応援します-V-39.png","qr-feedback-ラーメンを応援します-V-39.png","","","",,false,"https://fortee.jp/techramen-24-conf/attendee/Zx5GXqaC20nln3bsVzbwNJ6zn7cYy05S","領収書の注意事項について理解しました","このチケットではイベント参加できないことを理解しました","表示してもよい(fortee の設定についても理解した)","返金不可の旨を理解しました","当日参加が叶わないため、微力ではございますがこちらでお力添えできればと思っております。頑張ってください！"
"ラーメンを応援します","V-40","asumikam","2024/06/26 23:20","","","","default-avatar.png","qr-profile-ラーメンを応援します-V-40.png","qr-feedback-ラーメンを応援します-V-40.png","","","",,false,"https://fortee.jp/techramen-24-conf/attendee/52Go1ngC9xrzl9k8STY3YxHKw6He2m2x","領収書の注意事項について理解しました","このチケットではイベント参加できないことを理解しました","表示してもよい(fortee の設定についても理解した)","返金不可の旨を理解しました",""
"ラーメンを応援します","V-41","blue-goheimochi","2024/06/26 23:58","","","","default-avatar.png","qr-profile-ラーメンを応援します-V-41.png","qr-feedback-ラーメンを応援します-V-41.png","","","",,false,"https://fortee.jp/techramen-24-conf/attendee/RDqMxkdBTUE6w6HWFGU7CslieOKaIpaO","領収書の注意事項について理解しました","このチケットではイベント参加できないことを理解しました","表示してもよい(fortee の設定についても理解した)","返金不可の旨を理解しました",""
"ラーメンを応援します","V-42","92thunder","2024/06/27 18:16","","","","default-avatar.png","qr-profile-ラーメンを応援します-V-42.png","qr-feedback-ラーメンを応援します-V-42.png","","","",,false,"https://fortee.jp/techramen-24-conf/attendee/Pief202Nl0nPvrKsAZiyoUtJYKmTzl5s","領収書の注意事項について理解しました","このチケットではイベント参加できないことを理解しました","表示してもよい(fortee の設定についても理解した)","返金不可の旨を理解しました",""
"ラーメンを応援します","V-43","suda","2024/06/28 9:14","","","","default-avatar.png","qr-profile-ラーメンを応援します-V-43.png","qr-feedback-ラーメンを応援します-V-43.png","","","",,false,"https://fortee.jp/techramen-24-conf/attendee/6O9fPywq0qcRiJ4uEZQHTcGVX8atLVX6","領収書の注意事項について理解しました","このチケットではイベント参加できないことを理解しました","表示してもよい(fortee の設定についても理解した)","返金不可の旨を理解しました",""
"ラーメンを応援します","V-45","n13u","2024/06/30 12:32","","","","default-avatar.png","qr-profile-ラーメンを応援します-V-45.png","qr-feedback-ラーメンを応援します-V-45.png","","","",,false,"https://fortee.jp/techramen-24-conf/attendee/C84Jb7V4vxJBqnKGm7WvwiNkOBSizPiN","領収書の注意事項について理解しました","このチケットではイベント参加できないことを理解しました","表示してもよい(fortee の設定についても理解した)","返金不可の旨を理解しました",""
"ラーメンを応援します","V-46","uutan1108","2024/06/30 18:24","","","","default-avatar.png","qr-profile-ラーメンを応援します-V-46.png","qr-feedback-ラーメンを応援します-V-46.png","","","",,false,"https://fortee.jp/techramen-24-conf/attendee/zQPsaxP69xszHDOgJiKl39DmNmys3Rz0","領収書の注意事項について理解しました","このチケットではイベント参加できないことを理解しました","表示してもよい(fortee の設定についても理解した)","返金不可の旨を理解しました",""
"ラーメンを応援します","V-47","planset","2024/07/01 10:16","","","","default-avatar.png","qr-profile-ラーメンを応援します-V-47.png","qr-feedback-ラーメンを応援します-V-47.png","","","",,false,"https://fortee.jp/techramen-24-conf/attendee/3A38tPtIrya8lo0FrSA4fssdS9Jt9wyS","領収書の注意事項について理解しました","このチケットではイベント参加できないことを理解しました","表示してもよい(fortee の設定についても理解した)","返金不可の旨を理解しました","イベントの企画、運営、お疲れ様です！
旭川でこのようなイベントが開催されること大変うれしく思います。
参加できたらしたいですが、まだ未定なので応援ということで一口だけですが！ がんばってください＞＜"
"ラーメンを応援します","V-48","dayjournal","2024/07/01 10:40","","","","default-avatar.png","qr-profile-ラーメンを応援します-V-48.png","qr-feedback-ラーメンを応援します-V-48.png","","","",,false,"https://fortee.jp/techramen-24-conf/attendee/BSIsmiPnW4JQBBplF7Wz3wwxOIiu7hAr","領収書の注意事項について理解しました","このチケットではイベント参加できないことを理解しました","表示してもよい(fortee の設定についても理解した)","返金不可の旨を理解しました","echRAMEN 2024 Conference 応援しています！"
"ラーメンを応援します","V-49","DE-TEIU","2024/07/01 12:50","","","","default-avatar.png","qr-profile-ラーメンを応援します-V-49.png","qr-feedback-ラーメンを応援します-V-49.png","","","",,false,"https://fortee.jp/techramen-24-conf/attendee/lw1LaVIo5MFMzmMtja5n54kPutMvJdUf","領収書の注意事項について理解しました","このチケットではイベント参加できないことを理解しました","表示してもよい(fortee の設定についても理解した)","返金不可の旨を理解しました",""
"ラーメンを応援します","V-51","kazuhiro1982","2024/07/01 22:05","","","","default-avatar.png","qr-profile-ラーメンを応援します-V-51.png","qr-feedback-ラーメンを応援します-V-51.png","","","",,false,"https://fortee.jp/techramen-24-conf/attendee/V5jBwWlxRJJsC17ZJ1TV4WzKGxQlXdtu","領収書の注意事項について理解しました","このチケットではイベント参加できないことを理解しました","表示してもよい(fortee の設定についても理解した)","返金不可の旨を理解しました",""
"ラーメンを応援します","V-52","ichigats","2024/07/03 18:46","","","","default-avatar.png","qr-profile-ラーメンを応援します-V-52.png","qr-feedback-ラーメンを応援します-V-52.png","","","",,false,"https://fortee.jp/techramen-24-conf/attendee/xrppgEJVbPHp4yLwj8ptGbbpSqX9hsdH","領収書の注意事項について理解しました","このチケットではイベント参加できないことを理解しました","表示してもよい(fortee の設定についても理解した)","返金不可の旨を理解しました",""
"ラーメンを応援します","V-53","pyama86","2024/07/04 0:47","","","","default-avatar.png","qr-profile-ラーメンを応援します-V-53.png","qr-feedback-ラーメンを応援します-V-53.png","","","",,false,"https://fortee.jp/techramen-24-conf/attendee/PVOIDB00X98vZWdgvzkzlEbEiJYe7p6u","領収書の注意事項について理解しました","このチケットではイベント参加できないことを理解しました","表示してもよい(fortee の設定についても理解した)","返金不可の旨を理解しました","応援してます！開催ありがとうございます！"
"ラーメンを応援します","V-54","pyama86","2024/07/04 0:49","","","","default-avatar.png","qr-profile-ラーメンを応援します-V-54.png","qr-feedback-ラーメンを応援します-V-54.png","","","",,false,"https://fortee.jp/techramen-24-conf/attendee/9I3MPEJ6kprt7ktyjYnDocpqGOi5hwVy","領収書の注意事項について理解しました","このチケットではイベント参加できないことを理解しました","表示してもよい(fortee の設定についても理解した)","返金不可の旨を理解しました","応援してます！開催ありがとうございます！!"
"ラーメンを応援します","V-55","pyama86","2024/07/04 0:50","","","","default-avatar.png","qr-profile-ラーメンを応援します-V-55.png","qr-feedback-ラーメンを応援します-V-55.png","","","",,false,"https://fortee.jp/techramen-24-conf/attendee/NbXfxMBK7x8jWUOsjZdGePn5G49ymBZE","領収書の注意事項について理解しました","このチケットではイベント参加できないことを理解しました","表示してもよい(fortee の設定についても理解した)","返金不可の旨を理解しました","応援してます！開催ありがとうございます！!!"
"ラーメンを応援します","V-56","furufuru","2024/07/04 9:42","","","","default-avatar.png","qr-profile-ラーメンを応援します-V-56.png","qr-feedback-ラーメンを応援します-V-56.png","","","",,false,"https://fortee.jp/techramen-24-conf/attendee/mRMqAH2uOUZOQAyvDAjQfXRsAxtWYLzn","領収書の注意事項について理解しました","このチケットではイベント参加できないことを理解しました","表示してもよい(fortee の設定についても理解した)","返金不可の旨を理解しました","あまたの技術な具材をトロトロに煮込んだ濃厚スープでつくられた🍜を地域や次世代に振る舞う謀略(ロマン)を支援いたします！
運営勇者および参加者に乾丼！（杯でなく）"
"ラーメンを応援します","V-57","gishi-yama","2024/07/04 15:32","","","","default-avatar.png","qr-profile-ラーメンを応援します-V-57.png","qr-feedback-ラーメンを応援します-V-57.png","","","",,false,"https://fortee.jp/techramen-24-conf/attendee/KDd3dVHQRtNuhoQ14AOIm3YicuOFhltq","領収書の注意事項について理解しました","このチケットではイベント参加できないことを理解しました","表示してもよい(fortee の設定についても理解した)","返金不可の旨を理解しました","応援しています！"
"ラーメンを応援します","V-58","matsuoatsushi","2024/07/06 17:51","","","","default-avatar.png","qr-profile-ラーメンを応援します-V-58.png","qr-feedback-ラーメンを応援します-V-58.png","","","",,false,"https://fortee.jp/techramen-24-conf/attendee/yZgJG6H02IVdlGycB5guZNhwXTM5k98f","領収書の注意事項について理解しました","このチケットではイベント参加できないことを理解しました","表示してもよい(fortee の設定についても理解した)","返金不可の旨を理解しました",""
"ラーメンを応援します","V-59","chiroruxx","2024/07/07 16:37","","","","default-avatar.png","qr-profile-ラーメンを応援します-V-59.png","qr-feedback-ラーメンを応援します-V-59.png","","","",,false,"https://fortee.jp/techramen-24-conf/attendee/hWtPCO7P6Y2DhL2abCnV8BsXnUSRsnnF","領収書の注意事項について理解しました","このチケットではイベント参加できないことを理解しました","表示してもよい(fortee の設定についても理解した)","返金不可の旨を理解しました",""
"ラーメンを応援します","V-60","chiroruxx","2024/07/07 16:39","","","","default-avatar.png","qr-profile-ラーメンを応援します-V-60.png","qr-feedback-ラーメンを応援します-V-60.png","","","",,false,"https://fortee.jp/techramen-24-conf/attendee/38NOdRla2ZigwhcIApvL0fKDpItcMdwC","領収書の注意事項について理解しました","このチケットではイベント参加できないことを理解しました","表示してもよい(fortee の設定についても理解した)","返金不可の旨を理解しました",""
"ラーメンを応援します","V-61","n13u","2024/07/08 22:42","","","","default-avatar.png","qr-profile-ラーメンを応援します-V-61.png","qr-feedback-ラーメンを応援します-V-61.png","","","",,false,"https://fortee.jp/techramen-24-conf/attendee/6UVY9FI1XQOdHe9RprHd7MEevjgh6U5y","領収書の注意事項について理解しました","このチケットではイベント参加できないことを理解しました","表示してもよい(fortee の設定についても理解した)","返金不可の旨を理解しました",""
"ラーメンを応援します","V-62","akase244","2024/07/09 0:41","","","","default-avatar.png","qr-profile-ラーメンを応援します-V-62.png","qr-feedback-ラーメンを応援します-V-62.png","","","",,false,"https://fortee.jp/techramen-24-conf/attendee/6648QqEQF3vZxCgcVuRfyPqXD2Lw9z56","領収書の注意事項について理解しました","このチケットではイベント参加できないことを理解しました","表示してもよい(fortee の設定についても理解した)","返金不可の旨を理解しました",""
"ラーメンを応援します","V-63","akase244","2024/07/09 0:46","","","","default-avatar.png","qr-profile-ラーメンを応援します-V-63.png","qr-feedback-ラーメンを応援します-V-63.png","","","",,false,"https://fortee.jp/techramen-24-conf/attendee/rFfMBhmIeXOZDi0j00OipQzrNe935z0I","領収書の注意事項について理解しました","このチケットではイベント参加できないことを理解しました","表示してもよい(fortee の設定についても理解した)","返金不可の旨を理解しました",""
"ラーメンを応援します","V-64","Osanai","2024/07/09 7:52","","","","default-avatar.png","qr-profile-ラーメンを応援します-V-64.png","qr-feedback-ラーメンを応援します-V-64.png","","","",,false,"https://fortee.jp/techramen-24-conf/attendee/cOjFWRSeoWYwTOdKrbkgsNad5TnfNVDR","領収書の注意事項について理解しました","このチケットではイベント参加できないことを理解しました","表示してもよい(fortee の設定についても理解した)","返金不可の旨を理解しました",""
"ラーメンを応援します","V-65","pyama86","2024/07/09 16:39","","","","default-avatar.png","qr-profile-ラーメンを応援します-V-65.png","qr-feedback-ラーメンを応援します-V-65.png","","","",,false,"https://fortee.jp/techramen-24-conf/attendee/KiH4lAt8EzBPF4p163YRP90ua4nsoVz2","領収書の注意事項について理解しました","このチケットではイベント参加できないことを理解しました","表示してもよい(fortee の設定についても理解した)","返金不可の旨を理解しました","応援しています！！！１"
"ラーメンを応援します","V-66","miio","2024/07/09 20:23","","","","default-avatar.png","qr-profile-ラーメンを応援します-V-66.png","qr-feedback-ラーメンを応援します-V-66.png","","","",,false,"https://fortee.jp/techramen-24-conf/attendee/BZcmlXrFfgzUIMw0utK2m2UN78S7T1uK","領収書の注意事項について理解しました","このチケットではイベント参加できないことを理解しました","表示してもよい(fortee の設定についても理解した)","返金不可の旨を理解しました",""
"ラーメンを応援します","V-67","KojiKa","2024/07/13 11:26","","","","default-avatar.png","qr-profile-ラーメンを応援します-V-67.png","qr-feedback-ラーメンを応援します-V-67.png","","","",,false,"https://fortee.jp/techramen-24-conf/attendee/8mlphnT7gmmXkdtY6gU8ymli151wnu29","領収書の注意事項について理解しました","このチケットではイベント参加できないことを理解しました","表示してもよい(fortee の設定についても理解した)","返金不可の旨を理解しました",""
"ラーメンを応援します","V-68","whaibara","2024/07/15 22:23","","","","default-avatar.png","qr-profile-ラーメンを応援します-V-68.png","qr-feedback-ラーメンを応援します-V-68.png","","","",,false,"https://fortee.jp/techramen-24-conf/attendee/Ezs06ajfp61D0RcJkEwp70ujfLnkZIeL","領収書の注意事項について理解しました","このチケットではイベント参加できないことを理解しました","表示してもよい(fortee の設定についても理解した)","返金不可の旨を理解しました",""
"ラーメンを応援します","V-70","syossan27","2024/07/18 21:35","","","","default-avatar.png","qr-profile-ラーメンを応援します-V-70.png","qr-feedback-ラーメンを応援します-V-70.png","","","",,false,"https://fortee.jp/techramen-24-conf/attendee/hVLk0WIRETN7TLlpxfL8tvp6WPnrGWmd","領収書の注意事項について理解しました","このチケットではイベント参加できないことを理解しました","表示してもよい(fortee の設定についても理解した)","返金不可の旨を理解しました",""
"ラーメンを応援します","V-71","YSK8","2024/07/20 8:01","","","","default-avatar.png","qr-profile-ラーメンを応援します-V-71.png","qr-feedback-ラーメンを応援します-V-71.png","","","",,false,"https://fortee.jp/techramen-24-conf/attendee/qmooyJo8GpwW3UA0xcdf2n0JXXcPxwuh","領収書の注意事項について理解しました","このチケットではイベント参加できないことを理解しました","表示してもよい(fortee の設定についても理解した)","返金不可の旨を理解しました","北海道を盛り上げてくれてありがとうございます！"
"ラーメンを応援します","V-72","tomio2480","2024/07/21 2:26","","","","default-avatar.png","qr-profile-ラーメンを応援します-V-72.png","qr-feedback-ラーメンを応援します-V-72.png","","","",,false,"https://fortee.jp/techramen-24-conf/attendee/f83U4D68Ae02q4Ca4KILUnjcBgCw3mPZ","領収書の注意事項について理解しました","このチケットではイベント参加できないことを理解しました","表示してもよい(fortee の設定についても理解した)","返金不可の旨を理解しました",""
"ラーメンを応援します","V-73","gennei","2024/07/21 15:09","","","","default-avatar.png","qr-profile-ラーメンを応援します-V-73.png","qr-feedback-ラーメンを応援します-V-73.png","","","",,false,"https://fortee.jp/techramen-24-conf/attendee/pAE2jquXTSh088eMsLL4QllK3yAdxk8G","領収書の注意事項について理解しました","このチケットではイベント参加できないことを理解しました","表示してもよい(fortee の設定についても理解した)","返金不可の旨を理解しました",""
"ラーメンを応援します","V-74","chikuwait","2024/07/21 18:14","","","","default-avatar.png","qr-profile-ラーメンを応援します-V-74.png","qr-feedback-ラーメンを応援します-V-74.png","","","",,false,"https://fortee.jp/techramen-24-conf/attendee/sdf0zJxbaACqPCXKucznNzvmWjXesHAt","領収書の注意事項について理解しました","このチケットではイベント参加できないことを理解しました","表示してもよい(fortee の設定についても理解した)","返金不可の旨を理解しました",""
"ラーメンを応援します","V-75","Hsasa","2024/07/23 8:18","","","","default-avatar.png","qr-profile-ラーメンを応援します-V-75.png","qr-feedback-ラーメンを応援します-V-75.png","","","",,false,"https://fortee.jp/techramen-24-conf/attendee/fuSKDCjycz3pGCKXOUsLWXFangMbvvq0","領収書の注意事項について理解しました","このチケットではイベント参加できないことを理解しました","表示してもよい(fortee の設定についても理解した)","返金不可の旨を理解しました",""
"ラーメンを応援します","V-76","JunM","2024/07/25 16:51","","","","default-avatar.png","qr-profile-ラーメンを応援します-V-76.png","qr-feedback-ラーメンを応援します-V-76.png","","","",,false,"https://fortee.jp/techramen-24-conf/attendee/jN08fQFdB2nMZaC6WhOoESGp71doGpw2","領収書の注意事項について理解しました","このチケットではイベント参加できないことを理解しました","表示してもよい(fortee の設定についても理解した)","返金不可の旨を理解しました",""
"ラーメンを応援します","V-77","JunM","2024/07/25 16:56","","","","default-avatar.png","qr-profile-ラーメンを応援します-V-77.png","qr-feedback-ラーメンを応援します-V-77.png","","","",,false,"https://fortee.jp/techramen-24-conf/attendee/0sS1H4XV9Xkv4MMHAWrgyIPcmqboPiQu","領収書の注意事項について理解しました","このチケットではイベント参加できないことを理解しました","表示してもよい(fortee の設定についても理解した)","返金不可の旨を理解しました",""
"ラーメンを応援します","V-79","hanhan1978","2024/07/26 15:14","","","","default-avatar.png","qr-profile-ラーメンを応援します-V-79.png","qr-feedback-ラーメンを応援します-V-79.png","","","",,false,"https://fortee.jp/techramen-24-conf/attendee/kO85i1X9LnIYWBorX9CLPx4now7RHNDZ","領収書の注意事項について理解しました","このチケットではイベント参加できないことを理解しました","表示してもよい(fortee の設定についても理解した)","返金不可の旨を理解しました",""
"ラーメンを応援します","V-80","akinoriakatsuka","2024/07/26 15:18","","","","default-avatar.png","qr-profile-ラーメンを応援します-V-80.png","qr-feedback-ラーメンを応援します-V-80.png","","","",,false,"https://fortee.jp/techramen-24-conf/attendee/2Koc8Rq7lder9TD6Ves5JrDlVBKnaUzT","領収書の注意事項について理解しました","このチケットではイベント参加できないことを理解しました","表示してもよい(fortee の設定についても理解した)","返金不可の旨を理解しました",""
"ラーメンを応援します","V-81","Y-Kanoh","2024/07/27 0:58","","","","default-avatar.png","qr-profile-ラーメンを応援します-V-81.png","qr-feedback-ラーメンを応援します-V-81.png","","","",,false,"https://fortee.jp/techramen-24-conf/attendee/S6GycamaV4H36QyKSmrWIIUATik7rnrE","領収書の注意事項について理解しました","このチケットではイベント参加できないことを理解しました","表示してもよい(fortee の設定についても理解した)","返金不可の旨を理解しました","Webサイトへの掲載はどちらでも構いません"
"ラーメンを応援します","V-82","YohichiHayashi","2024/07/27 8:56","","","","default-avatar.png","qr-profile-ラーメンを応援します-V-82.png","qr-feedback-ラーメンを応援します-V-82.png","","","",,false,"https://fortee.jp/techramen-24-conf/attendee/NJe1K9jRRmTT8VpCQILZQcg00DKYoLMB","領収書の注意事項について理解しました","このチケットではイベント参加できないことを理解しました","表示してもよい(fortee の設定についても理解した)","返金不可の旨を理解しました",""
"ラーメンを応援します","V-83","YohichiHayashi","2024/07/27 9:22","","","","default-avatar.png","qr-profile-ラーメンを応援します-V-83.png","qr-feedback-ラーメンを応援します-V-83.png","","","",,false,"https://fortee.jp/techramen-24-conf/attendee/WSOeN2KpMTFtqjZ6Oxe1PUIdtzZIL0Kg","領収書の注意事項について理解しました","このチケットではイベント参加できないことを理解しました","表示してもよい(fortee の設定についても理解した)","返金不可の旨を理解しました",""
"ラーメンを応援します","V-84","pyama86","2024/07/27 15:57","","","","default-avatar.png","qr-profile-ラーメンを応援します-V-84.png","qr-feedback-ラーメンを応援します-V-84.png","","","",,false,"https://fortee.jp/techramen-24-conf/attendee/rN37K7NGeX2GSiyPRQcLcHBGthixzXzw","領収書の注意事項について理解しました","このチケットではイベント参加できないことを理解しました","表示してもよい(fortee の設定についても理解した)","返金不可の旨を理解しました","やばい！！あと在庫どれくらいあるのか気になる！気になりすぎて引いちゃう！！！！１"
"ラーメンを応援します","V-85","pyama86","2024/07/27 17:28","","","","default-avatar.png","qr-profile-ラーメンを応援します-V-85.png","qr-feedback-ラーメンを応援します-V-85.png","","","",,false,"https://fortee.jp/techramen-24-conf/attendee/muV2pv8aFJtInsvfHgaXoJBiI6VkL6cu","領収書の注意事項について理解しました","このチケットではイベント参加できないことを理解しました","表示してもよい(fortee の設定についても理解した)","返金不可の旨を理解しました","いやーー、まじあと何回押せるんや？？？もうすぐ全部セッション終わっちゃう！！！"
"ラーメンを応援します","V-86","Magnolia","2024/07/27 18:02","","","","default-avatar.png","qr-profile-ラーメンを応援します-V-86.png","qr-feedback-ラーメンを応援します-V-86.png","","","",,false,"https://fortee.jp/techramen-24-conf/attendee/Vz20MKQjnZEkW0FgYp7upopkCJ61RgNw","領収書の注意事項について理解しました","このチケットではイベント参加できないことを理解しました","表示してもよい(fortee の設定についても理解した)","返金不可の旨を理解しました",""
"ラーメンを応援します","V-87","soudai1025","2024/07/27 18:14","","","","default-avatar.png","qr-profile-ラーメンを応援します-V-87.png","qr-feedback-ラーメンを応援します-V-87.png","","","",,false,"https://fortee.jp/techramen-24-conf/attendee/tqlITU4pvOKIpbn2J7EOFbS6NVhaYE7G","領収書の注意事項について理解しました","このチケットではイベント参加できないことを理解しました","表示してもよい(fortee の設定についても理解した)","返金不可の旨を理解しました",""
"ラーメンを応援します","V-88","pyama86","2024/07/27 18:17","","","","default-avatar.png","qr-profile-ラーメンを応援します-V-88.png","qr-feedback-ラーメンを応援します-V-88.png","","","",,false,"https://fortee.jp/techramen-24-conf/attendee/sHt2NqK3enWqxjIkeNZczsDfVUX2njvj","領収書の注意事項について理解しました","このチケットではイベント参加できないことを理解しました","表示してもよい(fortee の設定についても理解した)","返金不可の旨を理解しました","懇親会までの待ち時間暇すぎて暇。"
"ラーメンを応援します","V-89","soudai1025","2024/07/27 18:24","","","","default-avatar.png","qr-profile-ラーメンを応援します-V-89.png","qr-feedback-ラーメンを応援します-V-89.png","","","",,false,"https://fortee.jp/techramen-24-conf/attendee/LqUuhpmfhp006wNYIGJ4MqLrYiEUWUi3","領収書の注意事項について理解しました","このチケットではイベント参加できないことを理解しました","表示してもよい(fortee の設定についても理解した)","返金不可の旨を理解しました",""
"ラーメンを応援します","V-90","tadsan","2024/07/27 18:26","","","","default-avatar.png","qr-profile-ラーメンを応援します-V-90.png","qr-feedback-ラーメンを応援します-V-90.png","","","",,false,"https://fortee.jp/techramen-24-conf/attendee/vW4mGYQavBP6OyrisZcBsqM67WNJAgSj","領収書の注意事項について理解しました","このチケットではイベント参加できないことを理解しました","表示してもよい(fortee の設定についても理解した)","返金不可の旨を理解しました","楽しかったので替え玉！"
"ラーメンを応援します","V-91","pyama86","2024/07/27 18:29","","","","default-avatar.png","qr-profile-ラーメンを応援します-V-91.png","qr-feedback-ラーメンを応援します-V-91.png","","","",,false,"https://fortee.jp/techramen-24-conf/attendee/aF62LZBXmSsDoYYDJ2Vz6mSXLwUIy4hk","領収書の注意事項について理解しました","このチケットではイベント参加できないことを理解しました","表示してもよい(fortee の設定についても理解した)","返金不可の旨を理解しました","90！！！100なのか？100まで引けるのか？"
"ラーメンを応援します","V-92","soudai1025","2024/07/27 18:35","","","","default-avatar.png","qr-profile-ラーメンを応援します-V-92.png","qr-feedback-ラーメンを応援します-V-92.png","","","",,false,"https://fortee.jp/techramen-24-conf/attendee/o5TLJnb0i4lEdtWqe5ff6byOXfDM4ODE","領収書の注意事項について理解しました","このチケットではイベント参加できないことを理解しました","表示してもよい(fortee の設定についても理解した)","返金不可の旨を理解しました",""
"ラーメンを応援します","V-93","pyama86","2024/07/27 18:37","","","","default-avatar.png","qr-profile-ラーメンを応援します-V-93.png","qr-feedback-ラーメンを応援します-V-93.png","","","",,false,"https://fortee.jp/techramen-24-conf/attendee/vqLGyuqoeq4U4nhJUfJFjnokg4ga7CVI","領収書の注意事項について理解しました","このチケットではイベント参加できないことを理解しました","表示してもよい(fortee の設定についても理解した)","返金不可の旨を理解しました","いやー、これは100、確実に100。"
"ラーメンを応援します","V-94","ytake","2024/07/27 18:36","","","","default-avatar.png","qr-profile-ラーメンを応援します-V-94.png","qr-feedback-ラーメンを応援します-V-94.png","","","",,false,"https://fortee.jp/techramen-24-conf/attendee/F6vPG2T1EOiHyEGKafc9j0gs8Z29bLfB","領収書の注意事項について理解しました","このチケットではイベント参加できないことを理解しました","表示してもよい(fortee の設定についても理解した)","返金不可の旨を理解しました","がんばってください"
"ラーメンを応援します","V-95","Magnolia","2024/07/27 18:56","","","","default-avatar.png","qr-profile-ラーメンを応援します-V-95.png","qr-feedback-ラーメンを応援します-V-95.png","","","",,false,"https://fortee.jp/techramen-24-conf/attendee/BU9EkDV3QCwbcGk89cn4dPgGlahIxOEf","領収書の注意事項について理解しました","このチケットではイベント参加できないことを理解しました","表示してもよい(fortee の設定についても理解した)","返金不可の旨を理解しました",""
"ラーメンを応援します","V-96","KojiKa","2024/07/27 19:06","","","","default-avatar.png","qr-profile-ラーメンを応援します-V-96.png","qr-feedback-ラーメンを応援します-V-96.png","","","",,false,"https://fortee.jp/techramen-24-conf/attendee/i9sB7ZNRRaFPHA2QsJTX4ovgO6l5LJnd","領収書の注意事項について理解しました","このチケットではイベント参加できないことを理解しました","表示してもよい(fortee の設定についても理解した)","返金不可の旨を理解しました",""
"ラーメンを応援します","V-97","nsfisis","2024/07/27 17:35","","","","default-avatar.png","qr-profile-ラーメンを応援します-V-97.png","qr-feedback-ラーメンを応援します-V-97.png","","","",,false,"https://fortee.jp/techramen-24-conf/attendee/7UiLqGXcLTfAWKxD96Lppw4HeMdo8bRh","領収書の注意事項について理解しました","このチケットではイベント参加できないことを理解しました","表示してもよい(fortee の設定についても理解した)","返金不可の旨を理解しました",""
"ラーメンを応援します","V-98","nsfisis","2024/07/27 19:12","","","","default-avatar.png","qr-profile-ラーメンを応援します-V-98.png","qr-feedback-ラーメンを応援します-V-98.png","","","",,false,"https://fortee.jp/techramen-24-conf/attendee/H7Ipi1CdaD6a058HR5YQ8O4zt73g3wgf","領収書の注意事項について理解しました","このチケットではイベント参加できないことを理解しました","表示してもよい(fortee の設定についても理解した)","返金不可の旨を理解しました",""
"ラーメンを応援します","V-99","nsfisis","2024/07/27 19:13","","","","default-avatar.png","qr-profile-ラーメンを応援します-V-99.png","qr-feedback-ラーメンを応援します-V-99.png","","","",,false,"https://fortee.jp/techramen-24-conf/attendee/tbaGjE1JYBml09WfnX1AYLSTaYOYQasS","領収書の注意事項について理解しました","このチケットではイベント参加できないことを理解しました","表示してもよい(fortee の設定についても理解した)","返金不可の旨を理解しました",""